Tb427VSG-2211|0-90
Tbb1125VSG-6504|0-90
Tb427VSG-1426|270-360
Tbb1125VSG-2583|180-270
Tbb1125VSG-4808|270-360
Tb427VSG-1294|225-315
Tbb1125VSG-5509|45-135
Tbb1125VSG-6175|0-90
Tb427VSG-2147|45-135
Tbb1125VSG-4808|225-315
Tbb927VSG-508|270-360
Tb427VSG-6040|156-246
Tb427VSG-1604|260-350
Tbb1125VSG-246|45-135
KC434929.1|45-135
Tbb927VSG-147|45-135
Tb427VSG-6146|0-90
Tb427VSG-626|45-135
Tb427VSG-6609|90-180
Tbb1125VSG-3176|0-90
Tbb1125VSG-153|270-360
Tb09.v4.0189|180-270
Tbb1125VSG-292|270-360
TevSTIB805.7.7120|378-468
Tbb1125VSG-6008|45-135
Tbb1125VSG-1071|225-315
Tb427VSG-1008|45-135
Tbb1125VSG-226|225-315
TevSTIB805.11_03.470|225-315
Tb427VSG-1015|90-180
Tbb1125VSG-1677|45-135
Tbb1125VSG-4238|225-315
Tb427VSG-807|225-315
KC434512.1|45-135
Tbb1125VSG-4200|45-135
Tbb1125VSG-5577|45-135
Tbb1125VSG-6008|0-90
Tbb1125VSG-153|225-315
Tbb1125VSG-4241|270-360
Tb927.11.18420|270-360
Tb427VSG-2371|226-315
Tb427VSG-6141|0-90
Tbb1125VSG-2098|225-315
Tbb927VSG-507|45-135
Tb427VSG-3693|0-90
Tbb1125VSG-5577|90-180
Tb427VSG-3360|90-180
Tbb1125VSG-489|45-135
Tbb1125VSG-4243|225-315
Tbb1125VSG-1071|270-360
